"","bands_1","bands_2","def_pa","def_ua","for_pa","for_ua","pas_pa","pas_ua"
"1","blue,bnir,green,nnir,red,swir1,swir2","evi,ndmi,ndvi",8.79862495779213e-19,4.3378260950574e-29,2.23963113736414e-10,0.00349039728865497,5.24647103837516e-09,3.35015874277821e-25
