"","used_bands","deforestation_pa_statistic","deforestation_ua_statistic","forest_pa_statistic","forest_ua_statistic","pasture_ua_statistic","deforestation_pa_p.value","deforestation_ua_p.value","forest_pa_p.value","forest_ua_p.value","pasture_ua_p.value"
"1","blue,bnir,green,nnir,red,swir1,swir2",0.891032301203099,0.729783566978347,0.821191990916459,0.671521661135664,0.968134219998428,0.00314308171168053,1.90582324948507e-06,8.40866554848901e-05,2.48461324498903e-07,0.430475731697363
"2","evi,ndmi,ndvi",0.910911673164456,0.95887915643628,0.715265897961671,0.752746289768226,0.981564456317991,0.0103469277871438,0.240247329435996,1.12124723051688e-06,4.56779401720969e-06,0.832246268277957
