"","bands_1","bands_2","def_pa","def_ua","for_pa","for_ua","pas_pa","pas_ua"
"1","blue,bnir,green,nnir,red,swir1,swir2","evi,ndmi,ndvi",0.0229760661836827,2.44648856992204e-09,0.0965470365220572,0.389876493043274,2.52780620501233e-31,1.60175126678227e-20
