"","used_bands","deforestation_pa_statistic","deforestation_ua_statistic","forest_pa_statistic","forest_ua_statistic","pasture_ua_statistic","deforestation_pa_p.value","deforestation_ua_p.value","forest_pa_p.value","forest_ua_p.value","pasture_ua_p.value"
"1","blue,bnir,green,nnir,red,swir1,swir2",0.917000777646023,0.658969360197189,0.668625831294288,0.801904321291687,0.965565056941108,0.0151452305905905,1.64962798331304e-07,2.25869026976117e-07,3.50956347828953e-05,0.368270068028973
"2","evi,ndmi,ndvi",0.860977782180348,0.556693372960935,0.841910572432953,0.879838590843922,0.924984691943731,0.00059953479409798,7.97403091812217e-09,0.000227082174351553,0.00166316003539351,0.0252378908461464
